﻿Name,https://github.com/Royance-arul/PRASANTH.git,https://in.pinterest.com/prasanthguru012/,https://t.me/+918668050023,https://www.instagram.com/guru_prasanth_12/profilecard/?igsh=Nm9oeTFlcm42d3U4,https://www.linkedin.com/in/guru-prasanth-d-187b3b258/,https://www.snapchat.com/add/guprasanth12?share_id=CCBrzkWBohs&locale=en-IN
INSTAGRAM,,,,guru_prasanth-12,,
TELEGRAM,,,Guru Prasanth,,,
GITHUB,Royance-arul / PRASANTH,,,,,
LINKEDIN,,,,,Guru Prasanth D,
SNAPCHAT,,,,,,guprasanth12
PINTEREST,,prasanthguru012,,,,